schoolname,,,
Adana Bahçeşehir Kampusu,,,
Afyon Bahçeşehir Kampusu,,,
Alanya Bahçeşehir Kampusu,,,
Ayvalik Bahçeşehir Kampusu,,,
Bademli Bahçeşehir Kampusu,,,
Bahcesehir Kampusu,,,
Batman Bahçeşehir Kampusu,,,
Bismil Bahçeşehir Kampusu,,,
Bursa Modern Kampusu,,,
Camlica Bahçeşehir Kampusu,,,
Corlu Bahçeşehir Kampusu,,,
Dalaman Bahçeşehir Kampusu,,,
Dragos Bahçeşehir Kampusu,,,
Florya Bahçeşehir Kampusu,,,
Guzelbahce Bahçeşehir Kampusu,,,
Halkali Bahçeşehir Kampusu,,,
Kesan Bahçeşehir Kampusu,,,
Korfez Bahçeşehir Kampusu,,,
Tokat Bahçeşehir Kampusu,,,
Umraniye Bahçeşehir Kampusu,,,
Van Bahçeşehir Kampusu,,,
Yalova Bahçeşehir Kampusu,,,